0,0
1,0
2,0
3,0
4,0
5,0
6,0
7,0
8,0
9,0
10,0
11,0
12,0
13,0
14,0
15,0
16,0
17,0
18,0
19,0
20,0
21,0
21.14,-0.000349995
21.28,-0.00139995
21.42,-0.00314975
21.56,-0.0055995
21.7,-0.008748
21.839,-0.012596
21.979,-0.017143
22.119,-0.022388
22.258,-0.028331
22.398,-0.034971
22.537,-0.0423075
22.676,-0.05034
22.815,-0.059065
22.954,-0.06849
23.092,-0.0786
23.23,-0.08941
23.369,-0.100905
23.506,-0.113095
23.644,-0.12597
23.781,-0.139535
23.918,-0.153785
24.055,-0.16872
24.192,-0.184335
24.328,-0.200635
24.464,-0.217615
24.599,-0.23527
24.734,-0.253605
24.869,-0.27261
25.003,-0.292295
25.137,-0.312645
25.271,-0.333665
25.404,-0.35535
25.537,-0.377705
25.669,-0.400715
25.801,-0.42439
25.932,-0.44872
26.063,-0.47371
26.193,-0.49935
26.323,-0.52565
26.452,-0.55255
26.581,-0.58015
26.709,-0.6084
26.836,-0.63725
26.963,-0.66675
27.09,-0.69685
27.215,-0.72765
27.34,-0.759
27.465,-0.79105
27.589,-0.82365
27.712,-0.8569
27.834,-0.8908
27.956,-0.92525
28.077,-0.96035
28.198,-0.99605
28.318,-1.03235
28.437,-1.0692
28.555,-1.1067
28.672,-1.14475
28.789,-1.1834
28.905,-1.22265
29.02,-1.26245
29.134,-1.30285
29.248,-1.3438
29.361,-1.38535
29.473,-1.4274
29.584,-1.47005
29.694,-1.51325
29.803,-1.557
29.912,-1.6013
30.019,-1.6461
30.126,-1.69145
30.231,-1.73735
30.336,-1.7838
30.44,-1.8307
30.543,-1.8782
30.645,-1.92615
30.746,-1.97465
30.846,-2.0236
30.945,-2.0731
31.043,-2.12305
31.14,-2.1735
31.236,-2.22445
31.331,-2.27585
31.425,-2.32775
31.518,-2.3801
31.61,-2.43295
31.701,-2.4862
31.79,-2.53995
31.879,-2.5941
31.967,-2.64875
32.053,-2.7038
32.138,-2.75925
32.223,-2.81515
32.306,-2.8715
32.388,-2.9282
32.469,-2.98535
32.548,-3.0429
32.627,-3.10085
32.704,-3.15915
32.781,-3.2179
32.856,-3.27695
32.93,-3.33645
33.002,-3.39625
33.074,-3.45645
33.144,-3.517
33.213,-3.5779
33.281,-3.63915
33.347,-3.7007
33.413,-3.7626
33.477,-3.82485
33.54,-3.88735
33.601,-3.9502
33.662,-4.0134
33.721,-4.07685
33.779,-4.1406
33.835,-4.2046
33.891,-4.26895
33.944,-4.33355
33.997,-4.3984
34.049,-4.4635
34.099,-4.52885
34.147,-4.5945
34.195,-4.66035
34.241,-4.72645
34.286,-4.79275
34.329,-4.8593
34.371,-4.92605
34.412,-4.993
34.452,-5.06
34.49,-5.1275
34.527,-5.195
34.562,-5.263
34.596,-5.3305
34.629,-5.3985
34.66,-5.467
34.69,-5.5355
34.719,-5.604
34.746,-5.6725
34.772,-5.7415
34.796,-5.81
34.819,-5.8795
34.841,-5.9485
34.861,-6.0175
34.88,-6.087
34.898,-6.1565
34.914,-6.226
34.929,-6.2955
34.942,-6.3655
34.954,-6.435
34.965,-6.505
34.974,-6.5745
34.982,-6.6445
34.988,-6.7145
34.993,-6.7845
34.997,-6.8545
34.999,-6.9245
35,-6.9945
34.999,-7.0645
34.997,-7.1345
34.994,-7.2045
34.989,-7.2745
34.983,-7.3445
34.975,-7.414
34.966,-7.484
34.956,-7.554
34.944,-7.6235
34.931,-7.6935
34.917,-7.763
34.901,-7.8325
34.883,-7.902
34.865,-7.9715
34.844,-8.0405
34.823,-8.1095
34.8,-8.179
34.776,-8.2475
34.75,-8.3165
34.723,-8.385
34.695,-8.454
34.665,-8.522
34.634,-8.5905
34.601,-8.6585
34.568,-8.7265
34.532,-8.794
34.496,-8.8615
34.458,-8.929
34.419,-8.9965
34.378,-9.0635
34.336,-9.13
34.293,-9.1965
34.248,-9.263
34.202,-9.329
34.155,-9.395
34.106,-9.4605
34.057,-9.526
34.005,-9.5915
33.953,-9.656
33.899,-9.721
33.844,-9.785
33.788,-9.849
33.73,-9.913
33.671,-9.9765
33.611,-10.0395
33.55,-10.1025
33.487,-10.165
33.423,-10.2275
33.358,-10.2895
33.291,-10.351
33.224,-10.4125
33.155,-10.4735
33.085,-10.534
33.014,-10.594
32.941,-10.654
32.867,-10.7135
32.793,-10.7725
32.717,-10.8315
32.639,-10.89
32.561,-10.948
32.481,-11.0055
32.401,-11.0625
32.319,-11.1195
32.236,-11.176
32.152,-11.232
32.067,-11.2875
31.98,-11.3425
31.893,-11.397
31.805,-11.4515
31.715,-11.5055
31.624,-11.5585
31.533,-11.6115
31.44,-11.664
31.346,-11.716
31.251,-11.7675
31.155,-11.8185
31.059,-11.869
30.961,-11.919
30.862,-11.9685
30.762,-12.0175
30.661,-12.066
30.559,-12.114
30.456,-12.162
30.353,-12.209
30.248,-12.2555
30.143,-12.3015
30.036,-12.3465
29.929,-12.3915
29.82,-12.436
29.711,-12.48
29.601,-12.523
29.49,-12.566
29.379,-12.608
29.266,-12.6495
29.153,-12.6905
29.038,-12.731
28.923,-12.771
28.808,-12.8105
28.691,-12.849
28.574,-12.8875
28.455,-12.925
28.337,-12.962
28.217,-12.998
28.097,-13.034
27.976,-13.069
27.854,-13.104
27.732,-13.1375
27.608,-13.171
27.485,-13.204
27.36,-13.236
27.235,-13.2675
27.11,-13.2985
26.983,-13.3285
26.856,-13.358
26.729,-13.387
26.601,-13.4155
26.472,-13.443
26.343,-13.47
26.214,-13.4965
26.083,-13.5225
25.953,-13.5475
25.822,-13.572
25.69,-13.5955
25.558,-13.6185
25.425,-13.641
25.292,-13.663
25.159,-13.684
25.025,-13.7045
24.89,-13.7245
24.756,-13.7435
24.621,-13.762
24.485,-13.7795
24.349,-13.7965
24.213,-13.813
24.077,-13.829
23.94,-13.844
23.803,-13.858
23.666,-13.872
23.528,-13.885
23.391,-13.897
23.252,-13.909
23.114,-13.9195
22.976,-13.93
22.837,-13.9395
22.698,-13.9485
22.559,-13.9565
22.42,-13.964
22.281,-13.9705
22.141,-13.9765
22.001,-13.982
21.862,-13.9865
21.722,-13.9905
21.582,-13.994
21.442,-13.9965
21.302,-13.9985
21.162,-13.9995
21.022,-14
20.882,-14
20.742,-13.999
20.602,-13.997
20.462,-13.995
20.323,-13.992
20.183,-13.988
20.043,-13.9835
19.903,-13.9785
19.764,-13.9725
19.625,-13.966
19.485,-13.959
19.346,-13.951
19.207,-13.9425
19.068,-13.933
18.93,-13.923
18.792,-13.9125
18.653,-13.901
18.516,-13.889
18.378,-13.876
18.24,-13.8625
18.103,-13.8485
17.967,-13.8335
17.83,-13.818
17.694,-13.802
17.558,-13.785
17.422,-13.7675
17.287,-13.7495
17.152,-13.7305
17.018,-13.711
16.884,-13.6905
16.75,-13.6695
16.617,-13.648
16.484,-13.626
16.352,-13.603
16.22,-13.5795
16.089,-13.555
15.958,-13.5305
15.828,-13.505
15.698,-13.4785
15.569,-13.452
15.44,-13.4245
15.312,-13.396
15.184,-13.3675
14.272,-13.162
13.361,-12.9565
12.449,-12.751
11.537,-12.5455
10.626,-12.34
9.7139,-12.135
8.8022,-11.9295
7.8905,-11.724
6.9788,-11.5185
6.0671,-11.313
5.1554,-11.1075
4.2438,-10.902
3.3321,-10.6965
2.4204,-10.4915
1.5087,-10.286
0.59698,-10.0805
-0.31472,-9.875
-1.2264,-9.6695
-2.1381,-9.464
-3.0498,-9.2585
-3.9615,-9.0535
-4.8732,-8.848
-5.7849,-8.6425
-6.6966,-8.437
-7.6083,-8.2315
-8.52,-8.026
-9.4317,-7.8205
-10.343,-7.615
-11.255,-7.41
-12.167,-7.2045
-13.078,-6.999
-13.99,-6.7935
-14.902,-6.588
-15.814,-6.3825
-16.725,-6.177
-17.637,-5.972
-18.549,-5.7665
-19.46,-5.561
-20.372,-5.3555
-21.284,-5.15
-22.195,-4.9446
-23.107,-4.73915
-24.019,-4.5337
-24.93,-4.3283
-25.842,-4.12285
-26.754,-3.9174
-27.666,-3.71195
-28.577,-3.50655
-29.489,-3.3011
-30.401,-3.09565
-31.312,-2.89025
-32.224,-2.6848
-33.136,-2.47935
-34.047,-2.27395
-34.959,-2.0685
-35.871,-1.86305
-36.782,-1.6576
-37.694,-1.4522
-38.606,-1.24675
-39.518,-1.0413
-40.429,-0.8359
-41.341,-0.63045
-42.253,-0.425015
-43.164,-0.21958
-44.076,-0.014148
-44.988,0.191285
-45.899,0.39672
-46.811,0.60215
-47.723,0.8076
-48.635,1.01305
-49.546,1.21845
-50.458,1.4239
-51.37,1.62935
-52.281,1.83475
-53.193,2.0402
-54.105,2.24565
-55.016,2.45105
-55.928,2.6565
-56.84,2.86195
-57.751,3.06735
-58.663,3.2728
-59.575,3.47825
-60.487,3.6837
-61.398,3.8891
-62.31,4.09455
-63.222,4.3
-64.133,4.5054
-65.045,4.71085
-65.957,4.9163
-66.868,5.1215
-67.78,5.327
-68.692,5.5325
-69.603,5.738
-70.515,5.9435
-71.427,6.149
-72.339,6.3545
-73.25,6.56
-74.162,6.765
-75.074,6.9705
-75.985,7.176
-76.897,7.3815
-77.809,7.587
-78.72,7.7925
-79.632,7.998
-80.544,8.203
-81.456,8.4085
-82.367,8.614
-83.279,8.8195
-84.191,9.025
-85.102,9.2305
-86.014,9.436
-86.926,9.6415
-87.837,9.8465
-88.749,10.052
-89.661,10.2575
-90.572,10.463
-91.484,10.6685
-92.396,10.874
-93.308,11.0795
-94.219,11.285
-95.131,11.49
-96.043,11.6955
-96.954,11.901
-97.866,12.1065
-98.778,12.312
-99.689,12.5175
-100.6,12.723
-101.51,12.928
-102.42,13.1335
-103.34,13.339
-104.25,13.5445
-105.16,13.75
-106.07,13.9555
-106.98,14.161
-107.89,14.3665
-108.81,14.5715
-109.72,14.777
-110.63,14.9825
-111.54,15.188
-112.45,15.3935
-113.36,15.599
-114.28,15.8045
-115.19,16.01
-116.1,16.215
-117.01,16.4205
-117.92,16.626
-118.83,16.8315
-119.75,17.037
-120.66,17.2425
-121.57,17.448
-122.48,17.653
-123.39,17.8585
-124.31,18.064
-125.22,18.2695
-126.13,18.475
-127.04,18.6805
-127.95,18.886
-128.86,19.0915
-129.78,19.2965
-130.69,19.502
-131.6,19.7075
-132.51,19.913
-133.42,20.1185
-134.33,20.324
-135.25,20.5295
-136.16,20.735
-137.07,20.94
-137.98,21.1455
-138.89,21.351
-139.8,21.5565
-140.72,21.762
-141.63,21.9675
-142.54,22.173
-143.45,22.378
-144.36,22.5835
-145.27,22.789
-146.19,22.9945
-147.1,23.2
-148.01,23.4055
-148.92,23.611
-149.83,23.8165
-150.74,24.0215
-151.66,24.227
-152.57,24.4325
-153.48,24.638
-154.39,24.8435
-155.3,25.049
-156.21,25.2545
-157.13,25.4595
-158.04,25.665
-158.95,25.8705
-159.86,26.076
-160.77,26.2815
-161.68,26.487
-162.6,26.6925
-163.51,26.898
-164.42,27.103
-165.33,27.3085
-166.24,27.514
-167.15,27.7195
-168.07,27.925
-168.98,28.1305
-169.89,28.336
-170.8,28.5415
-171.71,28.7465
-172.62,28.952
-173.54,29.1575
-174.45,29.363
-175.36,29.5685
-176.27,29.774
-177.18,29.9795
-178.1,30.1845
-179.01,30.39
-179.92,30.5955
-180.83,30.801
-181.74,31.0065
-182.65,31.212
-183.57,31.4175
-184.48,31.623
-185.39,31.828
-186.3,32.0335
-187.21,32.239
-188.12,32.4445
-189.04,32.65
-189.95,32.8555
-190.86,33.061
-191.77,33.2665
-192.68,33.4715
-193.59,33.677
-194.51,33.8825
-195.42,34.088
-196.33,34.2935
-197.24,34.499
-198.15,34.7045
-199.06,34.9095
-199.98,35.115
-200.89,35.3205
-201.8,35.526
-202.71,35.7315
-203.62,35.937
-204.53,36.1425
-205.45,36.348
-206.36,36.553
-207.27,36.7585
-208.18,36.964
-209.09,37.1695
-210,37.375
-210.92,37.5805
-211.83,37.786
-212.74,37.9915
-213.65,38.1965
-214.56,38.402
-215.47,38.6075
-216.39,38.813
-217.3,39.0185
-218.21,39.224
-219.12,39.4295
-220.03,39.6345
-220.94,39.84
-221.86,40.0455
-222.77,40.251
-223.68,40.4565
-224.59,40.662
-225.5,40.8675
-226.41,41.073
-227.33,41.278
-228.24,41.4835
-229.15,41.689
-230.06,41.8945
-230.97,42.1
-231.89,42.3055
-232.8,42.511
-233.71,42.7165
-234.62,42.9215
-235.53,43.127
-236.44,43.3325
-237.36,43.538
-238.27,43.7435
-239.18,43.949
-240.09,44.1545
-241,44.3595
-241.91,44.565
-242.83,44.7705
-243.74,44.976
-244.65,45.1815
-245.56,45.387
-246.47,45.5925
-247.38,45.798
-248.3,46.003
-249.21,46.2085
-250.12,46.414
-251.03,46.6195
-251.94,46.825
-252.85,47.0305
-253.77,47.236
-254.68,47.4415
-255.59,47.6465
-256.5,47.852
-257.41,48.0575
-258.32,48.263
-259.24,48.4685
-260.15,48.674
-261.06,48.8795
-261.97,49.0845
-262.88,49.29
-263.79,49.4955
-264.71,49.701
-265.62,49.9065
-266.53,50.11
-267.44,50.315
-268.35,50.525
-269.26,50.73
-270.18,50.935
-271.09,51.14
-272,51.345
-272.91,51.55
-273.82,51.755
-274.73,51.96
-275.65,52.165
-276.56,52.37
-277.47,52.575
-278.38,52.785
-279.29,52.99
-280.2,53.195
-281.12,53.4
-282.03,53.605
-282.94,53.81
-283.85,54.015
-284.76,54.22
-285.68,54.425
-286.59,54.63
-287.5,54.835
-288.41,55.04
